City_ID,City,Country,Lat,Lng,Max Temp,Humidity,Cloudiness,Wind Speed,Current Description
0,Noumea,NC,-22.28,166.46,86,55,75,5.82,broken clouds
1,Punta Arenas,CL,-53.15,-70.92,57.2,67,0,16.11,clear sky
2,Laguna,US,38.42,-121.42,63,38,1,5.82,clear sky
3,Busselton,AU,-33.65,115.33,57.99,71,49,1.01,scattered clouds
4,Sitka,US,57.05,-135.33,50,81,90,9.17,light rain
5,Kavieng,PG,-2.57,150.8,84.61,68,0,11.34,clear sky
6,San Patricio,US,28.02,-97.52,55.4,66,90,6.93,overcast clouds
7,Kapaa,US,22.08,-159.32,82.4,65,1,8.05,clear sky
8,Kalisz,PL,51.76,18.09,45,85,95,5.99,overcast clouds
9,Hermanus,ZA,-34.42,19.23,64,83,94,5.99,overcast clouds
10,Elizabeth City,US,36.29,-76.25,48.99,66,90,5.82,overcast clouds
11,Albany,US,42.6,-73.97,39,57,100,1.99,overcast clouds
12,Sao Joao Da Barra,BR,-21.64,-41.05,75.96,90,97,8.72,overcast clouds
13,Metro,ID,-5.11,105.31,76.48,89,87,10.63,overcast clouds
14,Asau,RO,46.43,26.4,37,26,100,3.67,overcast clouds
15,Gorno-Altaysk,RU,51.96,85.95,9.64,87,37,0.51,scattered clouds
16,Lokosovo,RU,61.13,74.82,7.5,94,47,8.19,scattered clouds
17,Marfino,RU,55.7,37.38,18,67,0,6.71,clear sky
18,Qandala,SO,11.47,49.87,76.26,62,30,1.81,scattered clouds
19,Afonso Bezerra,BR,-5.5,-36.51,77.54,66,1,21.23,clear sky
20,Hobart,AU,-42.88,147.33,57,46,75,20.8,broken clouds
21,Bethel,US,41.37,-73.41,39.2,80,90,10.29,overcast clouds
22,Hinton,CA,53.4,-117.59,30.2,63,100,4.7,overcast clouds
23,Ulaanbaatar,MN,47.91,106.88,-9.4,83,0,2.24,clear sky
24,Ilulissat,GL,69.22,-51.1,30.2,80,100,8.05,light snow
25,Abu Dhabi,AE,24.47,54.37,73.4,88,0,2.24,clear sky
26,Hovd,MN,48.01,91.64,1.38,70,0,1.1,clear sky
27,Butaritari,KI,3.07,172.79,81.75,77,98,14.16,overcast clouds
28,Chuy,UY,-33.7,-53.46,53.98,71,32,5.53,scattered clouds
29,Tasiilaq,GL,65.61,-37.64,24.8,79,100,12.75,overcast clouds
30,Casper,US,42.87,-106.31,42.01,35,1,16.11,clear sky
31,Adrar,MR,20.5,-10.07,65.7,46,92,10.71,overcast clouds
32,Ushuaia,AR,-54.8,-68.3,53.6,71,75,16.11,broken clouds
33,Guarapari,BR,-20.67,-40.5,78.8,83,90,11.41,overcast clouds
34,Codrington,AU,-38.27,141.97,56.43,64,84,24.74,light rain
35,Jimo,CN,36.39,120.46,37.99,92,0,2.28,mist
36,Plettenberg Bay,ZA,-34.05,23.37,63.36,88,21,5.1,few clouds
37,Thompson,CA,55.74,-97.86,17.6,92,90,3.36,mist
38,Cesky Dub,CZ,50.66,15,48.99,75,35,15.99,scattered clouds
39,Saint-Augustin,CA,51.23,-58.65,30.9,95,98,2.46,overcast clouds
40,Khatanga,RU,71.97,102.5,-3.1,91,100,14.94,overcast clouds
41,Port-Gentil,GA,-0.72,8.78,78.8,94,75,8.05,light rain
42,Mount Gambier,AU,-37.83,140.77,53.6,81,75,19.46,broken clouds
43,Bredasdorp,ZA,-34.53,20.04,62.6,88,89,6.93,overcast clouds
44,Puerto Ayora,EC,-0.74,-90.35,73,88,69,4,broken clouds
45,Khani,GE,41.96,42.96,48.2,61,0,24.16,clear sky
46,Samarai,PG,-10.62,150.67,84.04,74,20,8.55,few clouds
47,Dingle,PH,11,122.67,80.08,87,66,8.03,light rain
48,Husavik,IS,66.04,-17.34,-2.2,77,0,5.82,clear sky
49,Carutapera,BR,-1.2,-46.02,77.9,87,100,8.61,overcast clouds
50,Hasaki,JP,35.73,140.83,45,93,75,10.29,broken clouds
51,Rikitea,PF,-23.12,-134.97,77.68,78,0,14.23,clear sky
52,Hilo,US,19.73,-155.09,84.2,58,1,12.75,clear sky
53,Barrow,US,71.29,-156.79,8.6,71,1,17.22,clear sky
54,Saskylakh,RU,71.92,114.08,3.33,92,100,13.96,overcast clouds
55,Kiunga,PG,-6.12,141.29,83.19,76,98,2.13,overcast clouds
56,Saint George,US,37.1,-113.58,55.4,11,1,4.7,clear sky
57,Hithadhoo,MV,-0.6,73.08,82.49,77,2,18.92,clear sky
58,Mataura,NZ,-46.19,168.86,59,67,91,7,overcast clouds
59,Jamestown,US,42.1,-79.24,32,86,90,11.41,light snow
60,Grindavik,IS,63.84,-22.43,30.2,100,90,11.41,heavy snow
61,Mount Isa,AU,-20.73,139.5,96.8,30,3,14.99,clear sky
62,Gandzak,AM,40.31,45.11,39.2,64,90,4.7,overcast clouds
63,Acapulco,MX,16.86,-99.89,84.2,74,40,5.82,scattered clouds
64,Vicuna,CL,-30.03,-70.71,73.99,24,1,1.99,clear sky
65,Bluff,NZ,-46.6,168.33,59,67,88,7,overcast clouds
66,Oranjestad,AW,12.52,-70.03,80.6,83,20,14.99,few clouds
67,Thunder Bay,CA,48.4,-89.32,26.01,85,90,6.93,overcast clouds
68,Pontal Do Parana,BR,-25.65,-48.51,57,99,100,12.28,overcast clouds
69,Severo-Kurilsk,RU,50.68,156.12,29.34,94,97,20.15,light snow
70,Nikolskoye,RU,59.7,30.79,36,90,90,8.95,overcast clouds
71,Weiser,US,44.25,-116.97,39.2,44,1,5.3,clear sky
72,Bondo,CD,3.81,23.69,69.1,93,40,2.01,scattered clouds
73,Makakilo City,US,21.35,-158.09,86,66,40,10.29,scattered clouds
74,Vaini,TO,-21.2,-175.2,80.6,83,90,10.29,overcast clouds
75,Alofi,NU,-19.06,-169.92,86,70,100,10.29,overcast clouds
76,Port Alfred,ZA,-33.59,26.89,68.18,88,84,20.29,broken clouds
77,Yellowknife,CA,62.46,-114.35,21,92,75,4.7,fog
78,Trincomalee,LK,8.57,81.23,77.95,85,56,10.56,broken clouds
79,Bin Qirdan,TN,33.14,11.22,63.03,50,42,20.42,scattered clouds
80,Hamilton,US,39.18,-84.53,37.99,69,20,8.05,few clouds
81,Ponta Do Sol,PT,32.67,-17.1,60.8,59,20,11.41,few clouds
82,Beringovskiy,RU,63.05,179.32,27.81,94,100,7,overcast clouds
83,Onalaska,US,43.88,-91.24,35.01,69,90,1.83,overcast clouds
84,Braco Do Norte,BR,-28.27,-49.17,55,95,100,15.01,overcast clouds
85,Marawi,PH,8,124.29,74.75,86,96,1.19,overcast clouds
86,Souillac,MU,-20.52,57.52,75.2,83,20,5.82,few clouds
87,Hambantota,LK,6.12,81.12,71.6,100,5,1.12,clear sky
88,Vila,PT,42.03,-8.16,37.99,90,70,4,broken clouds
89,Camacha,PT,33.08,-16.33,59,67,20,17.22,few clouds
90,Canmore,CA,51.08,-115.35,39.2,63,82,9.17,broken clouds
91,Port Elizabeth,ZA,-33.92,25.57,66.2,88,90,13.87,light rain
92,Natal,BR,-5.79,-35.21,80.6,74,20,12.75,few clouds
93,Emba,KZ,48.83,58.14,-2.36,90,0,8.41,clear sky
94,Kodiak,US,57.79,-152.41,33.8,64,90,17.22,overcast clouds
95,Coahuayana,MX,18.73,-103.68,80.6,54,75,11.41,broken clouds
96,Port Lincoln,AU,-34.73,135.87,60.96,59,97,21.72,overcast clouds
97,Castro,BR,-24.79,-50.01,59.67,97,100,14.54,overcast clouds
98,New Norfolk,AU,-42.78,147.06,57,67,70,7,broken clouds
99,Fortuna,US,40.6,-124.16,57.99,63,98,5.01,light rain
100,Tighina,MD,46.83,29.47,32,83,90,5.82,overcast clouds
101,Lorengau,PG,-2.02,147.27,86.77,65,27,8.55,scattered clouds
102,Brae,GB,60.4,-1.35,44.6,81,98,17.22,overcast clouds
103,Wattegama,LK,6.8,81.48,71.6,100,5,1.12,clear sky
104,Acarau,BR,-2.89,-40.12,80.04,78,51,15.17,broken clouds
105,Provideniya,RU,64.38,-173.3,17.62,84,0,5.28,clear sky
106,Bambous Virieux,MU,-20.34,57.76,75.2,83,20,5.82,few clouds
107,Qaanaaq,GL,77.48,-69.36,-11.97,68,36,7.74,scattered clouds
108,Kamaishi,JP,39.27,141.88,28.4,100,40,3.36,fog
109,Cape Town,ZA,-33.93,18.42,66.2,68,0,14.99,clear sky
110,Aklavik,CA,68.22,-135.01,-22,74,20,4.7,few clouds
111,Kawalu,ID,-7.38,108.21,74.57,82,75,5.14,broken clouds
112,Cidreira,BR,-30.18,-50.21,64.87,75,100,12.21,overcast clouds
113,Poum,NC,-20.23,164.02,77.63,74,0,3.42,clear sky
114,Tuatapere,NZ,-46.13,167.68,59,67,93,7,light rain
115,Deputatskiy,RU,69.3,139.9,-20.42,87,90,2.91,overcast clouds
116,Tuktoyaktuk,CA,69.45,-133.04,-4,76,20,12.75,few clouds
117,Nome,US,64.5,-165.41,15.8,56,90,11.41,overcast clouds
118,Touho,NC,-20.78,165.23,79.09,74,9,15.03,clear sky
119,Katsuura,JP,35.13,140.3,50,75,20,13.87,few clouds
120,Merke,KZ,42.87,73.18,18.28,84,18,3.22,few clouds
121,Narsaq,GL,60.92,-46.05,30.2,92,100,1.12,mist
122,Saint-Philippe,RE,-21.36,55.77,73.4,64,0,6.93,clear sky
123,Bognor Regis,GB,50.78,-0.68,39.99,95,100,4,overcast clouds
124,San Antonio,US,29.42,-98.49,51.01,76,90,4.7,overcast clouds
125,Shingu,JP,33.73,135.98,48.2,76,20,6.93,few clouds
126,Clyde River,CA,70.47,-68.59,1.4,84,90,5.82,overcast clouds
127,Rawlins,US,41.79,-107.24,35.6,43,1,5.66,clear sky
128,Safaga,EG,26.73,33.94,66.2,42,0,8.05,clear sky
129,Botwood,CA,49.15,-55.35,43,93,100,2.19,light rain
130,Auki,SB,-8.77,160.7,79.14,81,98,2.26,light rain
131,Mitu,CO,1.2,-70.17,73.85,97,100,1.88,overcast clouds
132,Mahibadhoo,MV,3.78,72.97,82.83,74,100,12.97,overcast clouds
133,Ojo Caliente,MX,22.57,-102.25,60.8,38,75,23.04,broken clouds
134,Nenjiang,CN,49.18,125.22,6.13,93,97,2.93,overcast clouds
135,Chokurdakh,RU,70.63,147.92,-30.32,81,25,6.71,scattered clouds
136,Tessalit,ML,20.2,1.01,66.25,38,12,5.55,few clouds
137,Bengkulu,ID,-3.8,102.27,77.56,78,95,3.74,overcast clouds
138,Upernavik,GL,72.79,-56.15,9.3,89,100,13.35,overcast clouds
139,Batagay-Alyta,RU,67.8,130.41,-24.68,83,6,2.51,clear sky
140,Fairbanks,US,64.84,-147.72,-2.2,77,90,5.82,overcast clouds
141,Georgetown,MY,5.41,100.34,80.6,83,40,6.49,scattered clouds
142,Yakeshi,CN,49.28,120.73,-3.1,92,100,5.08,overcast clouds
143,Kalaleh,IR,37.38,55.49,48,53,83,2.06,broken clouds
144,Saldanha,ZA,-33.01,17.94,60.8,77,2,4.7,clear sky
145,Phan Thiet,VN,10.93,108.1,73.63,80,55,3.33,broken clouds
146,San Cristobal,VE,7.77,-72.22,80.6,74,40,5.82,scattered clouds
147,Tazovskiy,RU,67.47,78.7,16.92,97,100,12.03,light snow
148,La Ronge,CA,55.1,-105.28,33.8,69,78,1.12,broken clouds
149,Norman Wells,CA,65.28,-126.83,10.4,85,75,5.82,light snow
150,Arcos,BR,-20.28,-45.54,73.13,79,95,10.96,light rain
151,Glasgow,GB,55.87,-4.26,32,100,8,6.93,clear sky
152,Victoria,HK,22.29,114.16,61,71,0,7.18,clear sky
153,Bamiantong,CN,44.93,130.53,11.77,92,25,4.32,scattered clouds
154,Northam,GB,51.03,-4.22,45,87,12,5.99,few clouds
155,Arraial Do Cabo,BR,-22.97,-42.03,75.51,90,84,15.3,broken clouds
156,Tiksi,RU,71.69,128.87,-13.74,88,40,5.55,scattered clouds
157,Manthani,IN,18.65,79.67,59.85,61,3,3.22,clear sky
158,Ukiah,US,39.15,-123.21,60.01,44,1,3.18,clear sky
159,Emerald,AU,-23.53,148.17,86,51,2,8.05,clear sky
160,Kahului,US,20.89,-156.47,87.8,48,40,14.99,scattered clouds
161,Sao Filipe,CV,14.9,-24.5,75.87,77,20,12.91,few clouds
162,Lasa,IT,46.62,10.7,28.4,92,90,3.36,snow
163,Oussouye,SN,12.48,-16.55,77,88,0,6.93,clear sky
164,Fort Nelson,CA,58.81,-122.7,35.6,87,75,5.82,broken clouds
165,Oulu,FI,65.01,25.47,36,100,90,6.93,overcast clouds
166,Avarua,CK,-21.21,-159.78,84.2,74,90,16.11,overcast clouds
167,Mar Del Plata,AR,-38,-57.56,57.99,66,0,5.82,clear sky
168,Darnah,LY,32.77,22.64,61.43,64,31,14.16,scattered clouds
169,Werder,DE,52.38,12.93,41,79,99,6.8,overcast clouds
170,Lavrentiya,RU,65.58,-171,15.64,84,0,4,clear sky
171,Launceston,AU,-41.45,147.17,57.99,50,40,24.16,scattered clouds
172,Verkhoyansk,RU,67.54,133.38,-26.05,84,90,2.01,overcast clouds
173,Airai,TL,-8.93,125.41,69.22,92,99,1.68,overcast clouds
174,East London,ZA,-33.02,27.91,68.36,92,93,12.97,light rain
175,Ware,GB,51.81,-0.03,37.99,94,65,8.19,broken clouds
176,Namatanai,PG,-3.67,152.43,85.42,59,58,7.49,broken clouds
177,Banda Aceh,ID,5.56,95.32,74.16,93,100,5.73,overcast clouds
178,Paamiut,GL,61.99,-49.67,31.44,98,100,10.13,snow
179,Ibotirama,BR,-12.19,-43.22,73.76,83,24,1.72,light rain
180,Iqaluit,CA,63.75,-68.51,14,92,90,17.22,light snow
181,Jizan,SA,17.33,42.67,80.6,83,20,3.02,few clouds
182,Cabinda,AO,-5.55,12.2,76.89,89,99,2.89,overcast clouds
183,Guerrero Negro,MX,27.98,-114.06,68.29,28,0,12.03,clear sky
184,Sesheke,ZM,-17.48,24.3,69.75,87,100,6.82,moderate rain
185,Port Hardy,CA,50.7,-127.42,51.8,66,75,23.04,broken clouds
186,Honiara,SB,-9.43,159.95,87.8,70,40,2.24,light rain
187,Lompoc,US,34.64,-120.46,62.6,51,1,10.29,clear sky
188,Port Blair,IN,11.67,92.75,79.52,75,0,13.67,clear sky
189,Oum Hadjer,TD,13.3,19.7,75.72,19,35,8.16,scattered clouds
190,Lucapa,AO,-8.42,20.74,65.41,99,100,4.43,light rain
191,Longyearbyen,SJ,78.22,15.64,12.2,78,75,14.99,light snow
192,Atuona,PF,-9.8,-139.03,78.64,73,23,16.87,few clouds
193,Campoverde,PE,-8.48,-74.81,80.6,83,40,3.36,light rain
194,Kismayo,SO,-0.36,42.55,79.5,79,76,9.93,broken clouds
195,Zahir Pir,PK,28.81,70.52,61.05,37,5,7.58,clear sky
196,Beyneu,KZ,45.32,55.2,13.98,93,14,10.38,few clouds
197,Araouane,ML,18.9,-3.53,71.96,31,23,8.93,few clouds
198,Meulaboh,ID,4.14,96.13,75.15,84,99,2.44,overcast clouds
199,Amga,RU,60.9,131.96,-7.19,90,100,4.63,overcast clouds
200,Odweyne,SO,9.41,45.06,73.06,49,2,4.85,clear sky
201,Dikson,RU,73.51,80.55,11.59,97,96,8.01,light snow
202,Kyren,RU,51.68,102.14,0.99,75,11,2.86,few clouds
203,Norton,ZW,-17.88,30.7,62.01,93,98,5.99,overcast clouds
204,Forestville,US,38.85,-76.88,45,48,90,16.11,overcast clouds
205,Ahipara,NZ,-35.17,173.17,68.29,64,40,7.25,scattered clouds
206,Goderich,CA,43.75,-81.72,28.4,79,98,10.29,overcast clouds
207,Chase,CA,50.82,-119.69,35.6,69,27,2.24,scattered clouds
208,Mago,RU,53.25,140.18,2.75,90,2,2.48,clear sky
209,Lebu,CL,-37.62,-73.65,54.39,84,27,12.37,scattered clouds
210,Faya,SA,18.39,42.45,57.2,93,40,4.7,scattered clouds
211,Nanortalik,GL,60.14,-45.24,30.6,97,98,3.76,overcast clouds
212,Cabo San Lucas,MX,22.89,-109.91,73.99,53,5,9.17,clear sky
213,Saint-Joseph,RE,-21.37,55.62,73.4,64,0,6.93,clear sky
214,Egvekinot,RU,66.32,-179.17,6.84,95,36,0.98,scattered clouds
215,San Rafael Del Sur,NI,11.85,-86.44,84.2,70,40,6.93,scattered clouds
216,Barcelona,ES,41.39,2.16,46.99,65,0,2.24,clear sky
217,Gikongoro,RW,-2.46,29.57,56.62,89,5,3.09,clear sky
218,Bakaly,RU,55.18,53.8,5.29,87,1,3.44,clear sky
219,Candido De Abreu,BR,-24.57,-51.33,68.18,93,95,5.66,overcast clouds
220,Portland,US,45.52,-122.68,48,56,20,18.34,few clouds
221,Heihe,CN,50.24,127.49,-2.2,84,20,2.24,few clouds
222,San Quintin,MX,30.48,-115.95,63.64,46,82,8.55,broken clouds
223,Cloquet,US,46.72,-92.46,28.4,86,90,3.36,light snow
224,Cascais,PT,38.7,-9.42,51.01,87,57,5.99,broken clouds
225,Takaka,NZ,-40.85,172.8,64,71,36,5.99,scattered clouds
226,Kavaratti,IN,10.57,72.64,82.62,76,17,12.44,few clouds
227,Sinnamary,GF,5.38,-52.95,79,84,99,6.89,overcast clouds
228,Turinsk,RU,58.05,63.7,10.54,92,30,5.37,scattered clouds
229,Avera,US,33.19,-82.53,48.2,81,1,3.36,clear sky
230,Dinguiraye,GN,11.3,-10.72,73.71,27,41,3.31,scattered clouds
231,Tabriz,IR,38.08,46.29,28.4,92,75,2.24,broken clouds
232,Hervey Bay,AU,-25.3,152.85,84.99,61,90,17.22,overcast clouds
233,Rafsanjan,IR,30.41,55.99,46.15,78,100,6.51,moderate rain
234,Kysyl-Syr,RU,63.9,122.76,2.7,93,100,8.9,overcast clouds
235,Westport,US,41.14,-73.36,42.8,70,90,16.11,overcast clouds
236,Salalah,OM,17.02,54.09,73.4,56,0,3.36,clear sky
237,Ancud,CL,-41.87,-73.82,64.4,48,0,4.7,clear sky
238,Russell,US,32.35,-85.2,55.4,76,1,4.25,haze
239,Manono,CD,-7.3,27.42,66.74,96,67,1.45,broken clouds
240,Vao,NC,-22.67,167.48,76.06,84,20,16.13,few clouds
241,Porto Santo,PT,33.07,-16.34,59,67,20,17.22,few clouds
242,Luocheng,CN,29.38,104.03,45.72,85,97,1.86,overcast clouds
243,Iisalmi,FI,63.56,27.19,35.6,100,90,11.41,light rain
244,Nikolayevsk-Na-Amure,RU,53.14,140.73,6.67,87,0,4.43,clear sky
245,Esmeraldas,BR,-19.76,-44.31,77,69,0,9.17,moderate rain
246,Jinhua,CN,29.11,119.65,45.1,83,24,2.13,few clouds
247,Tottori,JP,35.5,134.23,41,75,75,10.29,broken clouds
248,Tual,ID,-5.67,132.75,84.49,68,82,1.1,broken clouds
249,Faqirwali,PK,29.47,73.03,59.45,43,35,6.35,scattered clouds
250,Vardo,NO,70.37,31.11,35.76,81,99,22.06,overcast clouds
251,Kruisfontein,ZA,-34,24.73,62.01,92,28,1.01,scattered clouds
252,Darhan,MN,49.49,105.92,1.35,87,5,5.26,clear sky
253,Henties Bay,NA,-22.12,14.28,60.01,87,99,2.57,overcast clouds
254,Roebourne,AU,-20.78,117.13,89.82,48,2,12.03,clear sky
255,Apatity,RU,67.56,33.4,34.09,95,100,7.72,overcast clouds
256,Grenaa,DK,56.42,10.88,41,86,100,2.24,overcast clouds
257,Talnakh,RU,69.49,88.4,12.2,92,75,8.95,broken clouds
258,Sepuka,TZ,-4.75,34.53,63.79,83,0,9.37,clear sky
259,Klaksvik,FO,62.23,-6.59,35.6,93,100,6.93,overcast clouds
260,Mahebourg,MU,-20.41,57.7,75.2,83,20,5.82,few clouds
261,Kattivakkam,IN,13.22,80.32,78.8,94,75,8.05,mist
262,Dunedin,NZ,-45.87,170.5,53.01,71,73,24,broken clouds
263,Tacoronte,ES,28.48,-16.41,55,93,90,18.34,overcast clouds
264,Torbay,CA,47.67,-52.73,50,93,75,13.87,broken clouds
265,Sorland,NO,67.67,12.69,38.03,75,55,19.55,broken clouds
266,Mildura,AU,-34.2,142.15,64.99,48,40,13.87,scattered clouds
267,Anori,BR,-3.77,-61.64,77.59,87,100,2.28,overcast clouds
268,Moron,AR,-34.65,-58.62,64,62,0,7,clear sky
269,Moerai,PF,-22.43,-151.33,79.23,79,95,14.94,overcast clouds
270,Saryg-Sep,RU,51.5,95.6,-14.44,85,21,2.8,few clouds
271,Caravelas,BR,-17.71,-39.25,75.33,84,75,6.53,broken clouds
272,Najran,SA,17.49,44.13,66.2,48,0,2.44,clear sky
273,Basco,PH,20.45,121.97,76.86,86,98,32.46,overcast clouds
274,Palu,ID,-0.89,119.87,83.91,59,98,2.13,light rain
275,Carnarvon,AU,-24.87,113.63,73.4,53,67,18.34,broken clouds
276,Usa River,TZ,-3.37,36.85,65.3,87,6,2.21,clear sky
277,Korla,CN,41.76,86.15,21.13,88,40,0.81,scattered clouds
278,Xining,CN,36.62,101.77,16.32,86,96,1.74,overcast clouds
279,Ponyri,RU,52.32,36.3,21.54,77,0,10.4,clear sky
280,Kutum,SD,14.2,24.67,60.22,29,25,5.79,scattered clouds
281,Altay,CN,47.87,88.12,8.8,60,0,3.33,clear sky
282,Boone,US,39.03,-92.33,50,68,1,5.01,clear sky
283,Saint-Francois,FR,46.42,3.91,32,92,75,2.24,broken clouds
284,Lucea,JM,18.45,-78.17,80.6,78,20,6.93,few clouds
285,Bonavista,CA,48.65,-53.11,46.99,93,100,4.7,light rain
286,Birao,CF,10.28,22.79,72.32,25,49,5.03,scattered clouds
287,Vila Velha,BR,-20.33,-40.29,78.8,83,90,11.41,overcast clouds
288,Pangnirtung,CA,66.15,-65.71,15.08,89,100,2.21,overcast clouds
289,Dwarka,IN,22.24,68.97,72.41,77,0,6.31,clear sky
290,Vestmannaeyjar,IS,63.44,-20.27,32.5,86,34,13.27,scattered clouds
291,Vila Franca Do Campo,PT,37.72,-25.43,57.2,71,75,5.82,broken clouds
292,Mayo,US,38.89,-76.51,45,52,90,13.87,overcast clouds
293,Zhigansk,RU,66.77,123.37,-14.93,88,100,24.23,overcast clouds
294,Gumdag,TM,39.21,54.59,32.31,83,49,25.21,scattered clouds
295,Bayonet Point,US,28.33,-82.68,60.01,72,20,7.58,few clouds
296,Shangrao,CN,28.45,117.97,44.69,83,0,4.05,clear sky
297,Ribeira Grande,PT,38.52,-28.7,59.54,72,19,9.15,few clouds
298,Magadan,RU,59.57,150.8,15.33,95,100,6.35,light snow
299,Key Largo,US,25.09,-80.45,75,80,15,3.24,few clouds
300,Shchigry,RU,51.88,36.9,20.28,79,0,8.37,clear sky
301,Nizhniy Tsasuchey,RU,50.52,115.13,6.64,85,19,13.2,few clouds
302,Maua,BR,-23.67,-46.46,68,82,90,14.99,overcast clouds
303,Srednekolymsk,RU,67.45,153.68,-25.67,86,90,1.21,overcast clouds
304,Jijiga,ET,9.35,42.8,61.21,72,1,0.49,clear sky
305,Sakakah,SA,29.97,40.21,50,87,22,3.36,few clouds
306,Bentiu,SS,9.23,29.83,72.5,20,0,5.53,clear sky
307,Monrovia,LR,6.3,-10.8,79.32,81,0,7.74,clear sky
308,Gavle,SE,60.67,17.14,41,98,100,5.79,overcast clouds
309,Bereda,ES,43.27,-7.54,39.99,100,75,5.99,broken clouds
310,Ostrovnoy,RU,68.05,39.51,37.09,90,99,22.41,overcast clouds
311,Oranjemund,NA,-28.55,16.43,59.59,94,5,4.47,clear sky
312,Bandarbeyla,SO,9.49,50.81,74.55,82,7,6.31,clear sky
313,Keroka,KE,-0.78,34.95,53.01,100,42,1.79,scattered clouds
314,Manadhoo,MV,5.77,73.38,82.18,78,100,12.28,overcast clouds
315,Santa Maria,BR,-29.68,-53.81,66.2,72,40,13.87,scattered clouds
316,Isangel,VU,-19.55,169.27,82.38,72,2,9.13,clear sky
317,Hohoe,GH,7.15,0.47,74.93,85,98,4.52,overcast clouds
318,Ola,RU,59.58,151.28,15.03,95,100,5.21,light snow
319,Gashua,NG,12.87,11.05,71.4,29,9,5.61,clear sky
320,Olga,RU,43.74,135.29,21.63,86,0,4.25,clear sky
321,Hualmay,PE,-11.1,-77.61,67.26,82,95,9.24,overcast clouds
322,Montepuez,MZ,-13.13,39,69.55,86,0,2.77,clear sky
323,Vostok,RU,46.49,135.88,6.55,94,47,3.18,scattered clouds
324,Esil,KZ,51.96,66.4,-0.71,91,0,5.14,clear sky
325,Santona,ES,43.44,-3.46,48.99,81,75,17.22,broken clouds
326,Lisakovsk,KZ,52.54,62.49,-2.58,91,0,1.9,clear sky
327,Hare Bay,CA,48.85,-54.01,46.4,100,90,2.24,light intensity shower rain
328,Beirut,LB,33.89,35.49,62.6,59,75,3.36,broken clouds
329,Malmo,SE,55.61,13,41,86,75,6.93,broken clouds
330,Gavrilov-Yam,RU,57.3,39.85,17.6,61,0,6.71,clear sky
331,Yumen,CN,40.28,97.2,14.99,93,100,4.52,overcast clouds
332,Baglung,NP,28.27,83.59,51.87,70,69,3.15,broken clouds
333,Padang,ID,-0.95,100.35,78.71,74,89,3.49,overcast clouds
334,Danjiangkou,CN,32.54,111.51,38.64,76,1,2.66,clear sky
335,Martinez,US,38.02,-122.13,62.01,44,1,3.51,clear sky
336,Arica,CL,-18.48,-70.3,66.2,82,0,8.05,clear sky
337,Kaitangata,NZ,-46.28,169.85,57,60,72,8.01,broken clouds
338,Olinda,BR,-8.01,-34.86,78.8,69,40,10.29,scattered clouds
339,Tromso,NO,69.65,18.96,32,93,75,23.04,light shower snow
340,Inongo,CD,-1.95,18.27,71.22,95,100,5.21,light rain
341,Haines Junction,CA,60.75,-137.51,12.2,85,100,8.05,light snow
342,Greymouth,NZ,-42.47,171.2,59.36,61,77,7.94,broken clouds
343,Rudbar,AF,30.15,62.6,49.62,49,61,4.92,broken clouds
344,Sarlat-La-Caneda,FR,44.89,1.22,42.01,96,95,6.06,overcast clouds
345,Tura,IN,25.52,90.22,59.32,75,0,2.51,clear sky
346,Quang Ngai,VN,15.12,108.8,67.37,92,100,7.56,light rain
347,Santa Luzia,BR,-19.77,-43.85,77,73,40,12.75,light rain
348,La Seyne-Sur-Mer,FR,43.1,5.88,45,86,0,6.93,clear sky
349,Mahon,ES,39.89,4.27,46.4,75,75,5.82,broken clouds
350,Byron Bay,AU,-28.65,153.62,90,58,93,9.17,overcast clouds
351,Pisco,PE,-13.7,-76.22,68,82,0,16.11,clear sky
352,Buenos Aires,AR,-34.61,-58.38,64,63,0,14.99,clear sky
353,Flinders,AU,-34.58,150.86,75.99,47,0,7,clear sky
354,La Cruz,MX,23.92,-106.9,68.58,52,0,9.6,clear sky
355,Faanui,PF,-16.48,-151.75,79.97,79,100,19.69,overcast clouds
356,Chapais,CA,49.78,-74.85,19.4,92,75,5.82,broken clouds
357,Barcelos,PT,41.54,-8.62,42.8,93,75,3.69,broken clouds
358,Leningradskiy,RU,69.38,178.42,7.43,87,6,4.14,clear sky
359,Zhezkazgan,KZ,47.8,67.71,-9.9,90,27,7.34,scattered clouds
360,Pervomayskoye,RU,43.92,46.71,37.38,78,97,12.48,overcast clouds
361,Shitanjing,CN,39.23,106.34,13.75,91,5,6.35,clear sky
362,Bairiki,KI,1.33,172.98,86,70,20,10.29,few clouds
363,Cockburn Town,TC,21.46,-71.14,77,78,40,4.7,scattered clouds
364,Nouadhibou,MR,20.93,-17.03,66.2,82,95,16.11,overcast clouds
365,Kieta,PG,-6.22,155.63,85.6,61,96,4.25,overcast clouds
366,Shimoda,JP,34.67,138.95,53.6,76,75,13.87,broken clouds
367,Pilar,BR,-9.6,-35.96,75.2,88,20,5.82,few clouds
368,Raga,SS,8.46,25.68,70.41,24,23,3.06,few clouds
369,Sapa,PH,5.15,120.32,83.21,73,50,2.46,scattered clouds
370,Pontes E Lacerda,BR,-15.23,-59.34,73.13,95,100,3.27,light rain
371,Ciudad Bolivar,VE,8.12,-63.55,81.19,73,52,11.03,broken clouds
372,Clonakilty,IE,51.62,-8.87,42.01,93,75,14.99,broken clouds
373,Hit,IQ,33.64,42.83,55.26,51,52,6.13,broken clouds
374,Velingara,SN,13.15,-14.12,77.56,26,98,5.57,overcast clouds
375,Ankazoabo,MG,-22.28,44.52,73.08,67,11,4.9,few clouds
376,Worland,US,44.02,-107.96,48.2,26,1,2.75,clear sky
377,Lagoa,PT,39.05,-27.98,59.5,72,30,12.59,scattered clouds
378,Yulara,AU,-25.24,130.99,80.6,28,98,16.11,overcast clouds
379,Dakoro,NE,14.51,6.76,76.93,22,61,6.55,broken clouds
380,Itaituba,BR,-4.28,-55.98,75.49,90,97,1.3,overcast clouds
381,Pochutla,MX,15.74,-96.47,82.4,74,20,2.82,few clouds
382,Galesong,ID,-5.32,119.37,77,94,40,2.24,very heavy rain
383,Seydi,TM,39.48,62.91,19,92,0,6.91,clear sky
384,North Platte,US,41.12,-100.77,53.6,27,1,6.93,clear sky
385,Paraiso,CR,9.84,-83.87,73.4,56,20,12.75,few clouds
386,Pierre,US,44.37,-100.35,46.4,45,1,10.29,clear sky
387,Fastovetskaya,RU,45.92,40.16,27.01,83,0,20.76,clear sky
388,Mattru,SL,7.62,-11.83,74.52,95,0,1.72,clear sky
389,Lerwick,GB,60.15,-1.15,44.6,81,97,17.22,light rain
390,Roald,NO,62.58,6.13,41,64,0,19.46,clear sky
391,Toila,EE,59.42,27.5,39.69,85,100,16.69,overcast clouds
392,Ulagan,RU,50.63,87.96,0.12,76,0,1.07,clear sky
393,Rawson,AR,-43.3,-65.1,67.28,45,46,16.6,scattered clouds
394,Kirkkonummi,FI,60.12,24.44,39,84,100,3,overcast clouds
395,Ascension,US,30.22,-90.9,54,66,1,4.14,clear sky
396,Naze,JP,28.37,129.48,66.2,93,75,21.92,broken clouds
397,Constitucion,CL,-35.33,-72.42,56.3,80,8,7.94,clear sky
398,Seminole,US,28.71,-81.21,63,48,1,4.7,clear sky
399,Pahalgam,IN,34.03,75.33,33.26,87,100,3.38,snow
400,Aykhal,RU,66,111.5,12.2,85,90,8.95,light snow
401,Batticaloa,LK,7.71,81.69,77.94,85,95,4.88,light rain
402,Havelock,US,34.88,-76.9,51.8,57,75,8.05,broken clouds
403,Cabedelo,BR,-6.98,-34.83,78.8,78,0,6.93,clear sky
404,Yar-Sale,RU,66.83,70.83,11.61,96,62,8.55,broken clouds
405,Kerema,PG,-7.96,145.78,80.62,79,100,5.44,overcast clouds
406,Visnes,NO,59.36,5.22,39.2,86,100,12.75,light rain
407,Severnoye,RU,56.35,78.36,6.94,95,100,7.54,overcast clouds
408,Cayenne,GF,4.93,-52.33,78.8,94,100,5.57,overcast clouds
409,Nhulunbuy,AU,-12.23,136.77,86,70,90,9.17,overcast clouds
410,Verkhnyaya Inta,RU,65.98,60.31,18.55,95,93,20.56,light snow
411,Cururupu,BR,-1.83,-44.87,78.66,80,100,5.19,overcast clouds
412,Cherskiy,RU,68.75,161.3,-10.41,81,46,1.81,scattered clouds
413,Cabra,ES,37.47,-4.44,39.99,85,2,4.85,clear sky
414,Gizo,SB,-8.1,156.84,84.65,72,56,5.73,broken clouds
415,Riohacha,CO,11.54,-72.91,78.01,82,49,8.81,scattered clouds
416,Luanda,AO,-8.84,13.23,77,83,40,6.93,scattered clouds
417,Gambela,ET,8.25,34.58,77.81,54,46,1.48,scattered clouds
418,Mana,GF,5.66,-53.78,78.67,85,100,6.93,overcast clouds
419,Kununurra,AU,-15.77,128.73,80.6,88,100,1.12,overcast clouds
420,Lunsar,SL,8.68,-12.53,75.29,92,4,1.9,clear sky
421,Naron,ES,43.52,-8.15,51.01,65,63,8.99,broken clouds
422,Pevek,RU,69.7,170.31,5.67,90,60,3.44,broken clouds
423,Baoro,CF,5.67,15.97,71.53,32,32,3.18,scattered clouds
424,Fairview,US,40.81,-74,43,52,90,12.75,overcast clouds
425,Basoko,CD,1.24,23.62,70.47,92,21,3.53,few clouds
426,Marsh Harbour,BS,26.54,-77.06,75.74,72,45,7.83,scattered clouds
427,Muros,ES,42.78,-9.06,41,96,32,12.8,scattered clouds
428,La Rioja,ES,42.25,-2.5,42.8,70,40,19.46,scattered clouds
429,Cape Coast,GH,5.11,-1.25,78.78,85,89,8.28,overcast clouds
430,Saint-Pierre,RE,-21.34,55.48,73.4,64,0,6.93,clear sky
431,Bilibino,RU,68.05,166.44,1.96,91,100,2.1,light snow
432,Hofn,IS,64.25,-15.21,27.21,89,40,10.58,scattered clouds
433,Coihaique,CL,-45.58,-72.07,75.2,36,19,5.82,few clouds
434,Balkanabat,TM,39.51,54.37,38.17,67,58,9.13,broken clouds
435,Lyuban,BY,52.8,28,33.39,92,100,15.08,overcast clouds
436,Navahrudak,BY,53.6,25.83,35.64,90,99,16.82,overcast clouds
437,Shubarkuduk,KZ,49.14,56.49,1.71,92,0,8.23,clear sky
438,Pocone,BR,-16.26,-56.62,75.78,88,86,3.89,light rain
439,Waterford,US,42.7,-83.4,30.99,63,90,6.93,overcast clouds
440,Bekhtery,UA,46.25,32.29,36.64,79,92,16.44,overcast clouds
441,Yangambi,CD,0.81,24.43,69.62,99,46,2.33,light rain
442,Krasnoselkup,RU,65.7,82.47,12.76,96,100,11.52,light snow
443,Naryan-Mar,RU,67.67,53.09,24.96,98,100,18.14,snow
444,Esperance,AU,-33.87,121.9,60.8,63,90,13.87,overcast clouds
445,Falkenberg,SE,56.91,12.49,42.01,93,100,6.93,overcast clouds
446,Waimana,NZ,-38.15,177.08,79,49,1,5.99,clear sky
447,La Union,PE,-5.4,-80.75,74.26,63,84,18.01,broken clouds
448,Aksarka,RU,66.56,67.8,12.79,94,99,12.35,overcast clouds
449,Maloy,NO,61.94,5.11,37.99,74,59,5.82,broken clouds
450,Boysun,UZ,38.21,67.2,31.42,95,90,2.01,overcast clouds
451,Marystown,CA,47.17,-55.15,46.54,91,88,7.61,overcast clouds
452,Sarakhs,IR,36.54,61.16,32,72,28,4.7,scattered clouds
453,Toamasina,MG,-18.17,49.38,73.4,94,40,2.24,scattered clouds
454,Pozo Colorado,PY,-23.49,-58.8,76.95,55,57,6.73,broken clouds
455,Presidencia Roque Saenz Pena,AR,-26.79,-60.44,67.14,70,0,5.39,clear sky
456,Ust-Kulom,RU,61.69,53.69,17.24,97,100,6.15,overcast clouds
457,Bathsheba,BB,13.22,-59.52,80.6,74,75,13.87,broken clouds
458,Brigantine,US,39.41,-74.36,44.6,56,90,13.87,overcast clouds
459,Jaggayyapeta,IN,16.9,80.1,65.84,85,5,3.31,clear sky
460,Arman,RU,59.7,150.17,13.48,94,99,5.39,light snow
461,Seoul,KR,37.57,126.98,30.2,92,1,1.77,clear sky
462,Formosa,AR,-26.18,-58.18,75.2,69,0,8.05,clear sky
463,Cap Malheureux,MU,-19.98,57.61,73.99,84,14,3,few clouds
464,Petropavlovsk-Kamchatskiy,RU,53.05,158.65,17.6,92,100,6.71,overcast clouds
465,Inuvik,CA,68.35,-133.72,-4,83,0,2.24,clear sky
466,Tumen,CN,42.97,129.84,23.2,81,21,1.68,few clouds
467,Majene,ID,-3.54,118.97,83.68,66,97,1.36,overcast clouds
468,Moratuwa,LK,6.77,79.88,75.2,94,93,3.36,light rain
469,Deqing,CN,30.54,119.96,46,73,56,7,broken clouds
470,Makaha,US,21.47,-158.22,86,65,90,8.05,overcast clouds
471,Sovetskoye,RU,52.29,85.41,0.41,91,41,1.83,scattered clouds
472,Vanimo,PG,-2.67,141.3,83.17,79,89,5.28,light rain
473,Atagay,RU,55.1,99.39,10.42,87,100,3.98,overcast clouds
474,Aguimes,ES,27.91,-15.45,62.6,77,40,12.75,scattered clouds
475,Isla Vista,US,34.41,-119.86,66,39,1,5.82,clear sky
476,Muroto,JP,33.28,134.15,48.2,76,75,9.17,broken clouds
477,Half Moon Bay,US,37.46,-122.43,60.8,67,75,6.93,broken clouds
478,Broome,US,42.25,-75.83,35.01,94,90,17.22,overcast clouds
479,Balkhash,KZ,46.84,74.98,6.75,93,28,10.71,scattered clouds
480,Geraldton,AU,-28.77,114.6,62.6,72,0,12.75,clear sky
481,Sangar,RU,63.92,127.47,-16.92,88,100,7.09,overcast clouds
482,Semey,KZ,50.41,80.23,3.85,92,0,3.56,clear sky
483,Yatou,CN,37.15,122.38,35.31,71,18,2.86,few clouds
484,San Juan,AR,-31.54,-68.54,77.4,30,1,6.55,clear sky
485,Inhambane,MZ,-23.86,35.38,71.31,77,99,5.5,overcast clouds
486,Richards Bay,ZA,-28.78,32.04,70.66,80,56,12.66,broken clouds
487,Nishihara,JP,26.18,127.76,69.8,100,90,12.75,overcast clouds
488,Kaka,TM,37.35,59.61,31.33,80,43,4.61,scattered clouds
489,Sol-Iletsk,RU,51.16,54.99,3.61,92,0,5.99,clear sky
490,San Severo,IT,41.69,15.38,55.4,87,40,11.41,scattered clouds
491,Meadow Lake,US,34.8,-106.54,55.4,17,1,4.7,clear sky
492,Huarmey,PE,-10.07,-78.15,67.68,81,100,8.46,overcast clouds
493,Waipawa,NZ,-41.41,175.52,66.2,55,15,19.46,few clouds
494,Roma,US,43.21,-75.46,35.6,69,90,10.29,overcast clouds
495,Tank,PK,32.22,70.38,57.45,39,22,3.27,few clouds
496,Riyadh,SA,24.69,46.72,71.6,53,0,2.24,clear sky
497,Dandong,CN,40.13,124.39,31.17,94,64,4.09,broken clouds
498,Kovdor,RU,67.57,30.48,33.87,95,95,7.2,light snow
499,Zyryanka,RU,65.75,150.85,-26.88,83,33,1.57,scattered clouds
500,Port Keats,AU,-14.25,129.55,85.77,70,98,6.06,overcast clouds
501,Kijang,KR,35.24,129.21,35.6,74,0,8.05,clear sky
502,Simpang,ID,-1.27,104.08,78.17,90,100,4.09,overcast clouds
503,Vawkavysk,BY,53.16,24.45,41.68,82,73,20.07,broken clouds
504,Volosovo,RU,59.43,29.48,36,90,90,8.95,overcast clouds
505,Pointe Michel,DM,15.25,-61.38,77.68,74,9,10.11,clear sky
506,Onega,RU,63.91,38.14,34.83,91,100,11.43,light rain
507,Revelstoke,CA,50.98,-118.2,30.2,92,90,2.24,overcast clouds
508,Chilliwack,CA,49.17,-121.94,50,53,2,5.82,clear sky
509,Sarishabari,BD,24.73,89.83,67.32,74,0,5.86,clear sky
510,Chunhuhub,MX,19.55,-88.68,73.04,96,85,1.36,light rain
511,Yambio,SS,4.57,28.4,71.4,58,0,2.17,clear sky
512,Yerbogachen,RU,61.28,108.01,10.08,93,100,17.83,light snow
513,Umm Lajj,SA,25.02,37.27,69.73,44,0,8.14,clear sky
514,Hami,CN,42.8,93.45,16.65,83,52,2.57,broken clouds
515,Ruidoso,US,33.33,-105.67,42.8,30,1,11.41,clear sky
516,Sistranda,NO,63.73,8.83,33.8,86,0,9.17,clear sky
517,Timmins,CA,48.47,-81.33,14,92,20,4.7,few clouds
518,Burnie,AU,-41.07,145.92,53.01,70,57,14,light rain
519,Lunenburg,CA,44.38,-64.32,53.01,100,100,26.4,moderate rain
520,Pacific Grove,US,36.62,-121.92,57.2,54,1,6.93,clear sky
521,Los Llanos De Aridane,ES,28.66,-17.92,60.8,87,90,12.75,overcast clouds
522,Juneau,US,58.3,-134.42,44.6,87,90,16.11,moderate rain
523,Santa Isabel Do Rio Negro,BR,-0.41,-65.02,76.96,86,99,1.21,overcast clouds
524,Athabasca,CA,54.72,-113.29,32,92,30,1.12,scattered clouds
525,Itarema,BR,-2.92,-39.92,80.06,78,45,14.63,scattered clouds
526,Port Augusta,AU,-32.5,137.77,66.2,42,40,17.22,scattered clouds
527,Calvia,ES,39.57,2.51,50,75,0,4.7,clear sky
528,Sobolevo,RU,54.43,31.9,24.73,88,1,11.92,clear sky
529,Lakeside,US,30.13,-81.77,60.8,81,1,5.1,clear sky
530,Tautira,PF,-17.73,-149.15,86,62,75,11.41,light rain
531,Ovalle,CL,-30.6,-71.2,59.32,69,0,2.98,clear sky
532,Meiganga,CM,6.52,14.3,64.47,38,16,1.21,few clouds
533,Marshall,US,34.38,-86.33,46,65,1,2.82,clear sky
534,Khorixas,NA,-20.37,14.97,60.13,46,0,2.48,clear sky
535,Margate,GB,51.38,1.39,43,79,100,4,overcast clouds
536,Hobyo,SO,5.35,48.53,78.49,77,18,9.31,few clouds
537,Serenje,ZM,-13.23,30.24,62.62,94,99,1.72,moderate rain
538,Ixtapa,MX,20.7,-105.2,77,69,75,5.82,broken clouds
539,Minsk,BY,53.9,27.57,28.4,100,90,17.9,mist
540,North Bend,US,43.41,-124.22,55.99,66,75,4.7,broken clouds
541,Wajid,SO,3.81,43.25,73.94,76,31,11.39,scattered clouds
542,Pahrump,US,36.21,-115.98,62.6,4,1,10.29,clear sky
543,Khonsa,IN,27.02,95.57,52.07,78,14,3.02,few clouds
544,Liverpool,GB,53.41,-2.98,41,86,46,6.93,scattered clouds
545,Maningrida,AU,-12.07,134.27,87.91,66,85,8.81,overcast clouds
546,Krasnyy Kholm,RU,58.06,37.12,20.46,95,17,10.51,few clouds
547,Skjervoy,NO,70.03,20.97,36.97,79,96,31.27,light rain
548,Itaqui,BR,-29.13,-56.55,64.9,71,8,13.44,clear sky
549,Calama,CL,-22.47,-68.93,69.8,12,0,20.8,clear sky
550,Ayorou,NE,14.73,0.92,77.31,20,14,5.32,few clouds
551,Chifeng,CN,42.27,118.96,12.63,88,100,6.6,overcast clouds
552,Cadillac,US,44.25,-85.4,30.99,80,90,5.12,overcast clouds
553,Vysokogornyy,RU,50.12,139.15,1.71,92,93,3.71,overcast clouds
554,Lima,PE,-12.04,-77.03,64.99,88,75,13.87,heavy intensity rain
555,Waikuku,NZ,-43.3,172.68,62.6,63,52,16.11,broken clouds
556,Planeta Rica,CO,8.41,-75.59,76.87,89,89,4.5,moderate rain
557,Coracora,PE,-15.03,-73.78,51.21,70,96,5.97,light rain
558,Aksu,CN,41.12,80.26,21.07,91,100,1.45,overcast clouds
559,Thanatpin,MM,17.21,96.3,71.6,94,20,5.82,mist
560,Svetlyy,RU,54.67,20.13,46.4,81,0,13.42,clear sky
561,Rocky Mountain House,CA,52.37,-114.92,33.8,50,19,2.24,few clouds
562,Rio Gallegos,AR,-51.62,-69.22,69.8,30,40,24.16,scattered clouds
563,Luderitz,NA,-26.65,15.16,58.78,92,2,12.71,clear sky
564,Jalu,LY,29.03,21.55,63.97,29,17,17.94,few clouds
565,Kang,BW,-23.68,22.79,68.74,67,92,18.57,overcast clouds
566,Boyuibe,BO,-20.42,-63.28,68,82,75,6.44,broken clouds
567,Luis Correia,BR,-2.88,-41.67,81.43,76,87,15.5,overcast clouds
568,Onguday,RU,50.75,86.15,5.02,78,0,1.88,clear sky
569,Teodoro Sampaio,BR,-22.53,-52.17,73.11,88,100,6.17,overcast clouds
570,Mujiayingzi,CN,42.12,118.78,12.25,89,100,6.42,overcast clouds
571,Biak,ID,-0.91,122.88,82.87,66,100,0.72,overcast clouds
572,Kashan,IR,33.98,51.44,50.45,56,100,2.19,light rain
573,Ampanihy,MG,-24.7,44.75,68.56,75,100,11.97,overcast clouds
574,Arawa,PG,-6.21,155.54,87.04,58,96,4.09,overcast clouds
575,Amealco,MX,20.18,-100.15,73.4,33,75,12.75,broken clouds
576,Ugoofaaru,MV,5.67,73,82.29,78,100,12.8,overcast clouds
577,Lusambo,CD,-4.97,23.45,68.59,96,73,0.87,broken clouds
578,Belmonte,BR,-15.86,-38.88,77,83,90,5.82,overcast clouds
579,Belaya Gora,RU,68.53,146.42,-29.06,84,1,4,clear sky
580,Mehamn,NO,71.04,27.85,35.33,82,83,35.61,broken clouds
581,Loughrea,IE,53.2,-8.57,41,93,75,3.36,broken clouds
582,Gimli,CA,50.63,-96.99,33.8,80,98,4.7,overcast clouds
583,Sur,OM,22.57,59.53,75.04,60,0,6.76,clear sky
584,Bouake,CI,7.69,-5.02,77,78,21,4.7,few clouds
585,Alihe,CN,50.57,123.72,6.1,91,100,2.71,overcast clouds
586,Lamu,KE,-2.27,40.9,80.6,83,20,3.36,few clouds
587,Xiuyan,CN,40.29,123.27,30.22,87,100,2.48,overcast clouds
588,Salinas,US,36.68,-121.66,60.01,54,1,9.17,clear sky
589,Tacuati,PY,-23.45,-56.58,71.33,80,100,2.33,overcast clouds
590,Fort Collins,US,40.59,-105.08,50,25,1,4.7,clear sky
591,Kasumkent,RU,41.68,48.15,35.76,88,100,3.98,light rain
592,Mantua,IT,45.17,10.78,51.8,93,75,14.99,broken clouds
593,Jaltenango,MX,15.87,-92.72,70.2,80,100,0.72,light rain
594,Rabak,SD,13.18,32.74,68.95,20,0,11.52,clear sky
595,Nambucca Heads,AU,-30.65,153,75.2,78,100,17.22,overcast clouds
596,Nicoya,CR,10.15,-85.45,84.2,62,0,9.17,clear sky
597,Ebebiyin,GQ,2.15,11.34,67.42,98,15,2.21,few clouds
598,Smithers,CA,54.78,-127.17,44.6,65,90,13.87,overcast clouds
599,Kathu,TH,7.92,98.33,82,78,20,5.82,few clouds
600,Michalovce,SK,48.75,21.92,44.6,93,0,4.7,clear sky
601,Antalaha,MG,-14.9,50.28,73.33,85,14,7.7,few clouds
602,Heerenveen,NL,52.95,5.93,34,95,82,1.01,broken clouds
603,Kralendijk,BQ,12.15,-68.27,80.6,83,20,10.29,few clouds
604,Ambilobe,MG,-13.2,49.05,74.43,90,26,3.58,scattered clouds
605,Bandiagara,ML,14.35,-3.61,76.08,19,11,6.42,few clouds
606,Puerto Narino,CO,-3.77,-70.38,80.6,88,75,2.24,light rain
607,Whitianga,NZ,-36.83,175.7,70.07,46,22,9.33,few clouds
608,Alappuzha,IN,9.49,76.33,77.72,83,99,5.28,overcast clouds
609,Mardin,TR,37.31,40.74,42.76,63,16,6.87,few clouds
610,Kirakira,SB,-10.45,161.92,81.95,76,93,3.91,moderate rain
611,Codajas,BR,-3.84,-62.06,75.87,93,99,2.8,light rain
612,Champerico,GT,14.3,-91.92,82.4,78,75,4.7,light rain
613,Siilinjarvi,FI,63.08,27.67,35.6,100,90,11.41,overcast clouds
614,Anadyr,RU,64.75,177.48,26.6,79,75,11.18,broken clouds
615,Tanout,NE,14.97,8.89,74.93,20,62,7.99,broken clouds
616,Soyo,AO,-6.13,12.37,77.34,88,100,4,overcast clouds
617,San Jeronimo,PE,-11.95,-75.28,52.21,75,99,4.27,moderate rain
618,Matara,LK,5.95,80.54,75.38,90,77,4.45,broken clouds
619,Ursulo Galvan,MX,22.73,-98.3,64.99,52,91,3,overcast clouds
620,Longyan,CN,25.11,117.02,51.17,76,0,3.33,clear sky
621,Sola,VU,-13.88,167.55,78.44,83,37,3.22,scattered clouds
622,Dryden,CA,49.78,-92.75,23,85,1,9.17,clear sky
623,Palmer,US,42.16,-72.33,36,94,100,3,light snow
624,Buta,CD,2.79,24.73,72.21,85,98,1.61,overcast clouds
625,Quatre Cocos,MU,-20.21,57.76,75.2,83,20,5.82,few clouds
626,Goure,NE,13.98,10.27,72.52,22,42,6.44,scattered clouds
627,Gat,IL,31.61,34.76,57,100,0,4.99,clear sky
628,Komsomolskiy,UZ,40.43,71.72,35.6,55,99,2.24,overcast clouds
629,Snyder,US,32.72,-100.92,50,39,75,3.36,broken clouds
630,Huilong,CN,31.81,121.66,50,78,2,4.14,clear sky
631,Buala,SB,-8.14,159.59,84.63,76,58,5.1,moderate rain
632,Medea,DZ,36.26,2.75,51.8,57,40,9.17,thunderstorm with light rain
633,Black River,JM,18.03,-77.85,80.6,78,20,6.93,few clouds
634,Porto Walter,BR,-8.27,-72.74,72.7,94,100,2.86,light rain
635,Vernon,CA,50.26,-119.27,33.01,86,0,3.36,clear sky
636,Novorudnyy,RU,51.5,58.19,15.8,85,75,11.18,broken clouds
637,Arlit,NE,18.74,7.39,78.03,17,10,7.11,clear sky
638,Mpika,ZM,-11.83,31.45,63.41,90,10,3.22,light rain
639,Envira,BR,-7.3,-70.22,73.15,98,99,2.01,light rain
640,Tongchuan,CN,35.08,109.09,30.04,92,76,3.29,broken clouds
641,Beloha,MG,-25.17,45.05,69.91,73,95,14.88,overcast clouds
642,Cristalina,BR,-16.77,-47.61,67.01,83,83,1.45,broken clouds
643,Atasu,KZ,48.68,71.64,-8.34,90,54,4.05,broken clouds
644,Bad Goisern,AT,47.64,13.62,39,100,16,1.12,few clouds
645,Shahrud,IR,36.42,54.98,37.06,78,90,3.53,overcast clouds
646,Hay River,CA,60.82,-115.8,33.8,80,85,6.93,overcast clouds
647,Guadalupe Victoria,MX,32.29,-115.11,71.6,9,5,3.36,clear sky
648,Erenhot,CN,43.65,111.98,-0.02,91,0,9.48,clear sky
649,Puruliya,IN,23.33,86.37,60.98,50,0,4.7,clear sky
650,Megion,RU,61.03,76.11,15.8,92,90,4.47,overcast clouds
651,Coos Bay,US,43.37,-124.22,57.99,66,75,4.7,broken clouds
652,Manali,IN,13.17,80.27,78.8,94,75,8.05,mist
653,Nemuro,JP,43.32,145.57,38.62,73,6,7.61,clear sky
654,Dabola,GN,10.75,-11.12,74.44,27,14,2.89,few clouds
655,Praia Da Vitoria,PT,38.73,-27.07,57.2,82,75,7.92,broken clouds
656,Nagato,JP,34.38,131.2,46.4,86,20,3.36,few clouds
657,Boden,SE,65.83,21.69,37.4,100,97,4.7,overcast clouds
658,Namibe,AO,-15.2,12.15,65.05,76,45,5.48,scattered clouds
659,Luneville,FR,48.6,6.5,41,100,90,3.36,overcast clouds
660,Port Macquarie,AU,-31.43,152.92,82.4,65,40,4.7,scattered clouds
661,Paranaiba,BR,-19.68,-51.19,75.72,81,49,5.01,light rain
662,Yuzhnyy,RU,53.25,83.69,-4,76,75,4.47,broken clouds
663,Urumqi,CN,43.8,87.6,14,78,91,2.24,mist
664,Bonthe,SL,7.53,-12.51,79.11,84,8,6.4,clear sky
665,Rockhampton,AU,-23.38,150.5,84.2,54,40,10.29,scattered clouds
666,Barzas,RU,55.72,86.32,-5.8,83,90,2.24,smoke
667,Sambava,MG,-14.27,50.17,74.07,88,24,9.33,few clouds
668,Ghanzi,BW,-21.57,21.78,71.1,69,37,13.31,scattered clouds
669,Bayangol,RU,50.7,103.47,-14.82,84,0,2.82,clear sky
670,Wegrow,PL,52.4,22.02,45,88,99,18.03,overcast clouds
671,Broken Hill,AU,-31.95,141.43,64.4,42,0,17.22,clear sky
672,Taltal,CL,-25.4,-70.48,61.75,73,22,4.52,few clouds
673,Lumeje,AO,-11.55,20.78,66.24,93,100,5.39,light rain
674,Campos Sales,BR,-7.07,-40.38,76.96,56,68,1.79,broken clouds
675,Bouca,CF,6.51,18.27,72.75,35,90,0.43,overcast clouds
676,Villazon,BO,-22.09,-65.59,51.3,62,94,12.77,overcast clouds
677,Myaundzha,RU,63.05,147.19,-15.97,86,100,3.31,overcast clouds
678,Rio Grande,BR,-32.03,-52.1,62.01,78,67,1.01,broken clouds
679,Olafsvik,IS,64.89,-23.71,27.88,97,87,12.93,snow
